slope_angle_deg,rainfall_mm_24h,rock_strength_mpa,seismic_events_24h,soil_moisture_pct,crack_width_mm,mine_depth_m,blasting_activity,past_incidents,risk_score,risk_level
58,110,167,34,68,124,16,1,4,31.536087776444372,Low
71,33,133,16,42,144,164,0,19,28.92165266586663,Low
48,110,97,33,71,70,531,0,12,54.56883250471456,Medium
34,7,149,23,59,106,555,0,19,32.05040288016458,Low
62,167,56,31,28,49,557,0,5,66.42379564546545,Medium
27,112,39,0,95,64,527,1,19,63.320761186353494,Medium
40,82,45,7,78,98,224,1,17,50.02571575518602,Medium
58,41,48,44,75,31,143,1,1,40.07371849819991,Medium
77,168,20,22,56,163,294,1,5,81.10749185667751,High
38,100,138,46,48,140,135,0,8,34.339105091719524,Low
42,5,54,39,77,197,448,1,2,61.3835076290074,Medium
30,179,78,11,42,57,695,1,0,69.05537459283387,Medium
30,25,88,11,22,127,161,0,0,24.532830447454153,Low
43,63,180,45,93,141,340,1,18,40.00514315103722,Medium
72,186,198,46,63,164,547,1,4,66.6895251157209,Medium
55,183,31,14,16,111,392,1,12,72.52700154294529,High
59,58,39,40,88,67,124,1,18,48.06274644265387,Medium
43,108,62,18,96,39,491,0,11,54.937424995714046,Medium
22,197,145,25,23,186,293,0,15,50.99434253385908,Medium
41,120,69,28,96,143,84,0,18,49.708554774558564,Medium
72,32,48,21,28,189,175,0,2,47.574147094119674,Medium
21,180,58,39,63,131,198,0,11,58.70049717126693,Medium
43,149,190,20,29,172,87,1,4,33.584776272929886,Low
63,20,197,37,38,89,611,1,1,34.43339619406823,Low
49,197,170,19,33,27,697,0,6,51.740099434253395,Medium
57,69,191,28,91,95,30,0,12,16.432367563860797,Low
21,111,57,3,72,193,575,0,14,68.47248414195097,Medium
79,3,103,6,83,30,193,1,2,26.864392250985787,Low
40,93,170,27,66,2,231,0,19,17.666723812789307,Low
52,74,147,27,17,135,337,1,4,38.779358820504044,Medium
31,189,145,3,99,23,188,1,7,37.97359849134236,Medium
77,61,64,21,71,14,797,1,0,66.15806617521001,Medium
41,93,71,11,38,170,121,1,7,47.01697239842276,Medium
63,94,99,44,83,158,745,0,17,75.04714555117435,High
44,151,197,2,26,44,735,1,19,45.388307903308764,Medium
68,54,143,21,75,193,68,1,15,38.162180696039776,Medium
46,136,138,43,15,7,336,0,17,32.48757071832677,Low
78,130,27,1,67,70,630,1,19,78.46734099091377,High
61,30,104,23,78,107,678,1,11,58.16903823075605,Medium
47,39,148,33,37,114,200,1,12,27.64443682496143,Low
79,35,27,26,71,102,209,0,12,49.717126692953876,Medium
35,151,176,40,50,124,321,1,9,44.44539687982171,Medium
34,5,115,0,78,56,717,1,6,42.225270015429466,Medium
66,65,121,7,91,29,44,0,13,20.58974798559918,Low
70,74,24,22,99,145,388,0,15,68.28390193725357,Medium
63,3,105,37,93,113,396,1,14,46.176924395679755,Medium
74,78,194,5,50,196,767,1,11,59.73769929710269,Medium
71,133,53,21,58,116,246,0,8,58.67478141608091,Medium
76,117,74,24,58,166,625,1,7,79.65883764786558,High
22,112,138,17,85,59,528,0,17,41.95096862677868,Medium
56,93,190,16,80,97,292,1,17,33.207611863535064,Low
70,178,177,11,12,170,10,0,12,33.83336190639465,Low
26,61,133,5,19,125,740,1,17,49.494256814675126,Medium
40,184,164,25,98,172,473,0,14,61.40922338419339,Medium
28,193,45,26,44,150,239,0,3,64.10937767872451,Medium
58,78,155,7,89,196,181,0,16,38.265043716783815,Medium
37,135,66,18,11,93,96,0,4,38.18789645122579,Medium
23,25,132,41,33,133,562,0,15,38.642208126178645,Medium
44,178,95,0,83,183,132,1,8,59.3948225612892,Medium
79,172,91,28,47,121,307,1,9,66.08091890965197,Medium
33,43,108,44,31,107,699,0,17,50.2057260414881,Medium
69,132,65,48,35,3,584,1,16,64.79513115035147,Medium
77,69,52,34,52,92,493,1,17,64.67512429281675,Medium
28,153,20,39,64,150,174,1,6,67.761014915138,Medium
45,117,166,13,48,5,708,1,3,43.81964683696212,Medium
72,67,50,34,38,31,392,1,4,51.83439053660209,Medium
21,18,161,47,29,105,218,1,15,19.441110920624048,Low
39,19,72,44,50,145,748,0,2,61.26350077147266,Medium
47,112,67,19,63,14,441,1,17,52.26298645636894,Medium
66,139,88,48,29,167,398,1,13,69.65540888050747,Medium
79,46,124,12,28,121,569,1,14,50.9514829418824,Medium
26,0,109,37,93,95,233,0,16,26.298645636893536,Low
63,89,82,48,75,5,12,1,0,33.76478655923195,Low
27,141,92,45,39,111,381,1,16,57.31184639122235,Medium
66,63,180,48,62,119,696,1,10,54.04594548259901,Medium
54,37,188,7,43,122,455,0,16,26.555803188753647,Low
33,36,108,42,31,190,620,1,13,58.3404765986628,Medium
36,125,195,19,76,66,125,0,19,19.089662266415232,Low
55,138,32,32,15,105,279,1,18,62.95216869535404,Medium
69,99,92,25,88,138,456,0,6,61.28064460826334,Medium
59,76,96,38,36,42,377,0,12,39.893708211897824,Medium
23,2,178,20,19,144,262,0,17,12.206411794959719,Low
21,160,87,48,82,95,326,1,13,59.814846562660726,Medium
25,133,117,41,57,131,424,0,0,51.88582204697412,Medium
73,177,144,42,79,190,104,0,6,55.21172638436484,Medium
61,9,121,40,68,195,794,0,7,63.192182410423456,Medium
23,4,151,8,68,80,33,0,17,3.471626950111438,Low
73,150,121,23,11,40,637,1,8,59.09480541745242,Medium
48,137,38,36,38,132,672,1,0,82.31613235042003,High
37,171,101,48,77,159,59,1,16,56.180353163037886,Medium
45,129,160,40,74,197,511,1,18,63.655066003771644,Medium
63,12,42,16,92,34,727,0,5,57.14897994171096,Medium
53,167,102,23,35,21,507,1,2,55.974627121549794,Medium
29,129,128,20,98,192,344,0,4,54.01165780901766,Medium
55,83,94,38,19,149,88,1,1,41.7452425852906,Medium
33,64,148,40,62,111,591,1,19,48.525630036002056,Medium
50,62,107,38,88,10,36,1,3,25.304303103034464,Low
67,100,73,12,68,2,280,0,9,39.63655066003772,Medium
34,72,108,10,31,136,571,1,9,51.83439053660209,Medium
27,16,162,45,60,59,256,1,10,19.1068061032059,Low
33,8,84,18,57,75,785,1,15,53.257328990228025,Medium
42,142,95,10,30,86,600,0,16,56.806103205897486,Medium
79,151,162,12,31,13,396,1,15,40.59660552031546,Medium
76,37,168,45,39,17,711,1,6,41.79667409566261,Medium
59,162,166,44,34,112,568,0,15,55.70032573289904,Medium
40,93,79,0,37,72,370,0,2,40.26230070289731,Medium
35,94,112,39,74,22,497,1,15,46.74267100977198,Medium
64,48,180,43,54,82,361,1,7,32.15326590090862,Low
37,68,68,18,77,124,710,1,11,68.28390193725356,Medium
66,61,54,11,16,174,265,0,2,49.68283901937254,Medium
72,187,191,7,58,68,231,0,16,35.52202983027601,Medium
43,177,121,7,18,46,762,0,17,58.769072518429624,Medium
45,77,30,44,45,115,790,1,10,80.12172124121378,High
44,116,118,11,92,29,10,0,3,23.55563175038574,Low
79,119,129,47,10,24,555,1,15,52.211554945996916,Medium
79,136,93,32,19,155,455,0,16,64.61512086404939,Medium
79,161,193,44,45,111,88,0,8,34.10766329504544,Low
64,75,28,25,82,24,245,0,5,46.87982170409739,Medium
60,34,22,38,55,73,343,1,19,54.800274301388654,Medium
48,0,104,27,41,57,358,1,1,30.24172809874851,Low
34,39,45,4,41,93,107,1,8,33.91050917195268,Low
64,63,91,7,15,118,91,1,5,33.88479341676668,Low
20,149,67,24,57,126,511,0,2,63.106463226470076,Medium
44,59,175,26,47,168,486,1,19,43.30533173324189,Medium
26,63,136,45,26,24,713,0,5,38.5136293502486,Medium
28,92,173,22,83,77,774,1,6,50.96005486027775,Medium
43,71,172,29,36,98,559,1,0,40.1680096005486,Medium
20,10,31,44,63,115,23,0,0,31.03034459111949,Low
63,104,152,46,59,47,401,0,4,39.01937253557347,Medium
27,13,67,22,44,9,356,1,5,29.864563689353663,Low
43,59,56,48,94,98,319,1,12,55.683181896108344,Medium
30,29,63,46,34,10,395,0,1,32.61614949425681,Low
70,34,34,19,37,84,218,0,14,41.82238985084864,Medium
36,164,62,17,24,148,366,0,14,61.1777815875193,Medium
27,4,195,17,13,172,610,0,12,26.975827190125152,Low
54,82,106,1,82,134,577,0,13,55.79461683524772,Medium
54,122,89,3,36,191,103,1,6,50.14572261272073,Medium
52,77,65,29,35,125,102,1,13,44.16252357277559,Medium
78,153,127,32,28,63,349,1,9,51.83439053660208,Medium
24,61,142,35,26,1,606,1,16,33.31904680267444,Low
61,131,190,17,52,75,454,0,13,37.20212583576205,Medium
58,88,40,36,50,120,766,0,7,76.51294359677698,High
77,41,170,18,51,41,31,0,3,8.90622321275502,Low
60,88,126,46,59,53,300,1,15,41.6766672381279,Medium
47,145,99,27,93,74,494,0,12,58.86336362077833,Medium
26,39,66,39,49,15,793,0,19,51.33721926967255,Medium
28,71,136,19,48,17,315,1,17,25.501457226127204,Low
27,38,143,48,32,186,643,1,13,53.06874678553061,Medium
31,103,162,32,61,89,137,1,17,28.347334133379054,Low
53,13,44,11,56,143,634,0,4,58.91479513115036,Medium
52,31,55,14,72,5,282,0,8,31.896108349048518,Low
67,178,70,40,78,184,451,1,2,85.22201268643921,High
74,124,34,38,52,107,512,1,7,77.42156694668267,High
42,165,87,1,57,174,139,0,19,51.93725355734613,Medium
43,96,40,28,43,47,141,1,9,43.776787244985414,Medium
56,22,160,40,49,41,606,0,18,32.273272758443355,Low
54,62,38,9,84,75,491,1,2,60.089147951311496,Medium
63,142,53,1,70,187,399,1,10,75.50145722612721,High
59,152,97,10,59,76,602,1,10,66.132350420024,Medium
41,144,144,12,76,131,334,0,16,45.93691068061033,Medium
46,193,136,9,71,129,78,0,15,42.808160466312366,Medium
54,52,71,13,67,58,669,1,6,58.06617521001202,Medium
20,103,46,17,42,154,457,0,3,58.86336362077833,Medium
54,103,176,8,84,26,537,1,18,39.27653008743357,Medium
56,178,175,38,25,78,626,1,11,57.569003943082464,Medium
66,38,54,27,91,71,174,0,14,40.690896622664155,Medium
33,178,155,2,57,6,497,0,10,38.625064289387964,Medium
22,197,163,19,19,190,722,0,4,65.36087776444369,Medium
20,133,125,5,91,110,718,0,4,58.88050745756901,Medium
24,66,183,26,47,118,435,1,14,32.35042002400137,Low
45,134,177,1,28,173,706,0,17,54.38025030001715,Medium
74,178,165,28,45,62,274,0,10,41.53094462540716,Medium
33,199,21,37,68,123,621,1,11,91.28235899194243,High
58,41,196,2,72,11,351,1,1,16.260929195954063,Low
46,191,96,15,86,140,735,1,19,85.07629007371847,High
28,14,151,29,55,42,287,1,14,18.20675467169553,Low
34,110,109,39,12,16,683,0,19,47.15412309274816,Medium
34,156,108,1,83,62,448,0,3,49.40853763072177,Medium
45,32,113,16,74,119,166,1,17,32.69329675981484,Low
61,154,26,40,17,35,431,1,5,67.21241213783647,Medium
79,163,114,11,60,7,260,0,18,42.18241042345277,Medium
32,156,127,34,90,68,618,0,10,58.48619921138351,Medium
70,37,93,42,82,89,539,0,1,52.67443853934511,Medium
51,184,58,0,15,35,336,0,7,51.02005828904509,Medium
58,96,160,44,98,27,106,0,10,24.33567632436139,Low
68,154,178,14,48,117,522,1,4,54.08023315618037,Medium
71,182,90,25,69,92,225,1,17,61.62352134407681,Medium
51,32,75,36,37,174,141,1,17,43.94822561289217,Medium
23,195,189,20,63,75,269,1,13,37.94788273615636,Medium
49,85,61,48,46,100,134,0,9,43.11674952854448,Medium
56,65,55,30,18,157,91,1,2,46.04834561974971,Medium
42,9,103,24,91,150,292,0,8,37.27927310132008,Medium
58,4,137,22,65,143,692,0,2,47.03411623521345,Medium
64,122,26,23,68,13,68,0,10,43.63963655066004,Medium
34,73,73,37,94,70,553,0,11,54.81741813817933,Medium
62,96,148,27,11,179,170,0,11,35.916338076461514,Medium
48,117,191,20,70,123,293,0,2,32.76187210697755,Low
55,37,139,42,67,124,115,0,6,26.744385393451058,Low
32,140,192,17,69,36,114,1,13,20.7783301902966,Low
51,158,125,35,49,28,448,0,10,47.23984227670152,Medium
26,46,66,34,45,194,237,1,6,49.88856506086062,Medium
78,108,142,44,46,142,709,1,9,69.62969312532145,Medium
70,179,160,8,88,174,591,0,10,68.30104577404423,Medium
41,183,138,37,27,173,327,0,14,55.08314760843478,Medium
47,14,169,29,72,179,473,1,18,41.676667238127905,Medium
21,156,137,43,31,18,608,1,15,49.939996571232655,Medium
61,135,40,33,20,105,481,1,19,71.32693296759814,High
64,4,156,31,67,20,65,1,11,10.946339790845192,Low
76,156,45,2,66,63,634,0,17,73.78707354705983,High
72,46,28,2,86,164,22,0,12,46.74267100977198,Medium
25,67,34,27,13,26,449,0,4,41.98525630036002,Medium
47,75,29,43,95,54,27,1,3,45.336876392936745,Medium
47,172,141,14,16,28,703,0,13,51.457226127207264,Medium
63,129,140,40,70,147,122,1,7,47.41985256300359,Medium
63,154,144,22,63,24,238,0,8,35.46202640150866,Medium
39,94,189,39,97,69,180,1,18,27.45585462026402,Low
49,114,91,10,77,62,304,0,2,43.24532830447455,Medium
30,163,171,47,88,163,198,0,4,44.59969141093777,Medium
77,35,68,31,10,129,435,1,17,54.62883593348192,Medium
74,25,173,35,64,149,88,1,0,26.650094291102345,Low
47,42,110,32,12,15,667,1,7,42.01097205554602,Medium
44,26,56,23,87,145,191,1,18,47.21412652151552,Medium
58,68,87,38,47,196,508,1,16,66.97239842276703,Medium
52,147,69,33,10,181,771,0,16,81.63895079718841,High
20,10,171,27,47,99,717,1,10,36.25921481227499,Medium
76,73,38,36,94,29,80,0,1,42.43099605691755,Medium
46,103,119,6,38,44,257,0,5,28.861649237099265,Low
76,37,79,3,14,18,155,0,13,22.038402194411113,Low
71,133,186,36,83,33,627,0,2,47.454140236584955,Medium
32,199,108,0,30,140,784,0,11,72.9641693811075,High
60,22,165,0,80,170,305,1,3,34.15909480541745,Low
22,46,166,46,76,61,591,1,11,37.845019715412306,Medium
58,89,183,19,56,117,479,0,12,38.12789302245842,Medium
25,45,88,18,93,99,515,0,1,45.748328475912906,Medium
27,106,194,28,92,21,202,1,1,20.212583576204363,Low
46,139,68,9,44,179,77,1,14,54.10594891136636,Medium
28,140,127,17,77,179,503,0,16,59.163380764615134,Medium
56,103,180,27,78,110,61,1,6,28.595919766843824,Low
52,189,138,34,10,163,372,1,13,60.94633979084519,Medium
70,110,168,42,77,72,483,1,11,49.79427395851192,Medium
61,103,169,46,21,146,530,0,16,48.42276701525802,Medium
63,59,195,30,69,37,772,1,13,43.80250300017144,Medium
43,170,56,26,36,69,440,0,5,61.03205897479855,Medium
34,99,162,10,65,115,307,0,18,31.664666552374428,Low
78,67,182,48,32,78,444,0,5,34.0990913766501,Low
73,132,179,48,34,184,705,0,17,65.32659009086234,Medium
51,119,30,37,30,147,700,0,4,79.67598148465628,High
51,36,157,4,70,8,207,1,5,14.872278415909483,Low
43,71,97,7,72,31,137,0,1,24.232813303617355,Low
60,126,96,33,61,131,541,0,7,64.50368592490999,Medium
71,105,172,47,97,49,420,0,14,41.616663809360546,Medium
68,91,21,11,34,81,74,1,14,48.148465626607255,Medium
68,30,83,37,64,4,703,1,10,53.78021601234355,Medium
77,121,54,0,55,147,250,1,0,62.446425510029144,Medium
71,136,26,30,41,86,378,1,17,70.42688153608779,High
31,50,104,3,64,125,545,1,11,48.83421909823418,Medium
58,28,165,48,14,74,393,1,11,28.87879307388995,Low
21,39,86,44,45,164,440,1,10,51.645808331904675,Medium
22,40,61,49,58,21,92,0,7,23.949939996571235,Low
68,10,137,4,67,185,706,0,6,52.434424824275695,Medium
56,150,144,29,48,67,620,1,1,58.28904508829077,Medium
68,0,186,23,89,43,583,0,10,27.05297445568319,Low
75,45,188,2,94,33,295,0,9,18.472484141950975,Low
36,100,43,10,70,76,543,1,2,62.91788102177268,Medium
78,148,65,44,18,41,468,0,19,61.169209669123944,Medium
68,89,38,3,15,136,221,0,9,49.91428081604663,Medium
21,109,87,25,44,105,135,1,17,39.74798559917711,Medium
21,163,121,26,48,94,422,0,13,48.56848962797876,Medium
47,181,61,45,31,134,508,1,17,78.34733413337904,High
73,56,51,42,50,67,434,1,7,57.8775930053146,Medium
42,0,186,26,14,146,563,0,9,26.684381964683705,Low
56,62,128,41,51,158,619,0,12,55.9746271215498,Medium
51,181,55,49,96,127,552,0,7,82.66758100462883,High
52,54,116,5,90,162,167,1,3,40.433739070804045,Medium
20,114,183,14,85,184,121,1,3,33.18189610834905,Low
38,167,150,29,96,84,411,1,4,53.79735984913425,Medium
21,142,92,41,89,188,768,0,0,80.13886507800446,High
72,148,155,36,76,158,131,0,16,46.33979084519117,Medium
63,174,116,36,39,82,282,1,1,54.58597634150524,Medium
45,52,142,41,66,94,303,0,7,31.536087776444372,Low
51,136,89,36,95,180,407,0,6,68.23247042688155,Medium
25,179,188,34,82,31,480,1,14,44.08537630721756,Medium
51,56,32,22,38,65,216,1,4,44.68541059489114,Medium
74,116,68,5,46,186,119,0,1,52.86302074404252,Medium
23,153,79,3,96,115,449,1,6,63.48362763586493,Medium
74,168,149,17,22,137,287,0,7,47.805588890793764,Medium
30,34,24,8,41,129,577,1,6,60.48345619749701,Medium
75,62,191,48,55,193,578,1,6,55.26315789473686,Medium
78,24,46,28,32,59,491,1,13,53.66878107320419,Medium
36,89,179,12,54,16,123,0,17,8.889079375964345,Low
57,74,168,46,26,95,486,0,5,37.013543631064636,Medium
43,37,27,16,94,143,719,1,3,75.33859077661582,High
24,129,69,44,75,15,330,1,9,49.87142122406995,Medium
71,134,86,31,15,45,188,1,17,45.39687982170411,Medium
53,161,63,47,27,166,228,0,11,62.93502485856336,Medium
25,90,144,21,31,158,798,1,15,60.20915480884622,Medium
41,16,77,3,42,106,537,1,6,46.03120178295904,Medium
30,127,22,4,39,87,501,1,5,65.32659009086234,Medium
67,170,105,36,90,128,70,1,4,56.63466483799075,Medium
35,186,89,40,41,138,63,0,2,49.30567460997773,Medium
52,107,149,48,51,118,689,0,11,57.629007371849816,Medium
28,178,191,12,87,84,547,1,14,50.00857191839534,Medium
79,181,21,33,19,3,74,0,9,51.10577747299847,Medium
78,151,121,44,45,70,621,0,19,63.83507629007371,Medium
25,24,54,21,43,153,595,0,18,54.191668095319734,Medium
35,198,117,22,82,110,713,1,15,77.10440596605521,High
48,179,49,2,37,49,180,0,10,48.37133550488599,Medium
22,197,135,41,20,139,282,0,7,48.85993485342019,Medium
39,87,27,33,87,94,708,0,2,73.19561117778159,High
79,160,169,31,48,91,544,1,6,58.50334304817421,Medium
78,176,63,44,56,64,400,1,6,72.01268643922509,High
55,28,55,48,28,46,702,0,13,54.60312017829592,Medium
38,62,96,20,24,180,336,0,1,43.699639979427396,Medium
45,149,50,45,37,105,117,1,9,56.103205897479846,Medium
22,153,66,43,33,198,171,1,18,61.88925081433224,Medium
38,155,74,20,81,129,461,0,8,65.40373735642035,Medium
39,113,125,43,18,105,215,0,15,35.582033259043385,Medium
51,48,177,10,56,23,599,1,18,31.287502142979605,Low
26,198,140,38,42,3,25,1,17,29.821704097376994,Low
71,80,74,3,71,107,336,0,8,49.69141093776786,Medium
60,83,163,0,28,18,617,1,15,36.456368935367735,Medium
52,104,31,27,76,153,668,0,12,79.79598834219098,High
59,176,164,23,83,39,11,0,9,28.107320418309623,Low
58,147,163,34,49,49,19,0,19,24.181381793245333,Low
37,117,159,12,56,170,443,1,13,50.22286987827875,Medium
59,85,155,46,74,74,134,0,11,28.08160466312361,Low
20,62,22,33,38,194,90,0,18,47.70272587004972,Medium
30,188,163,10,59,11,494,1,6,43.86250642893881,Medium
47,103,49,35,22,194,661,1,14,80.38745071146923,High
76,48,42,16,10,26,159,0,15,32.15326590090862,Low
44,70,111,34,43,112,349,0,7,40.17658151894393,Medium
69,0,134,17,57,181,138,1,9,32.04183096176925,Low
42,140,123,39,86,193,447,1,3,68.41248071318363,Medium
50,178,137,21,57,48,760,1,18,66.69809703411624,Medium
49,122,24,23,58,143,510,0,18,73.33276187210697,High
61,183,123,18,73,129,67,0,14,46.73409909137665,Medium
54,61,127,36,70,59,207,0,13,28.913080747471287,Low
26,31,84,38,38,181,220,1,0,42.40528030173154,Medium
79,157,140,20,48,29,54,0,15,30.31030344591119,Low
35,28,49,7,97,83,106,1,9,35.98491342362421,Medium
45,48,168,27,35,165,288,0,18,29.135950625750045,Low
67,172,103,4,26,27,544,1,2,57.80044573975657,Medium
76,29,169,16,80,24,419,0,4,24.4299674267101,Low
71,143,51,36,22,95,470,0,8,66.54380250300017,Medium
79,167,180,35,78,124,400,1,17,58.1347505571747,Medium
68,18,35,18,35,9,53,1,10,28.25304303103035,Low
21,17,57,26,58,187,36,0,15,33.447625578604494,Low
20,0,161,33,76,41,106,1,1,7.4232813303617435,Low
67,77,55,10,16,39,557,1,11,54.88599348534201,Medium
31,114,170,44,67,76,630,0,5,45.63689353677355,Medium
24,174,133,46,58,104,576,1,10,63.57791873821361,Medium
56,193,85,11,62,117,713,0,7,78.33876221498372,High
51,112,124,20,74,41,228,0,11,33.3790502314418,Low
78,113,104,10,71,46,194,1,1,42.73958511914967,Medium
74,165,21,38,26,164,78,1,8,70.33259043373907,High
28,178,94,27,52,21,139,0,14,37.18498199897139,Medium
60,62,86,4,34,184,576,0,1,58.44333961940682,Medium
54,131,199,16,12,106,618,0,0,40.91376650094291,Medium
38,128,170,19,88,26,608,0,9,41.45379735984913,Medium
67,7,173,40,38,40,640,0,1,29.6588376478656,Low
35,156,74,45,41,79,729,0,11,71.06977541573805,High
22,54,25,11,35,161,343,1,7,54.95456883250473,Medium
39,102,182,5,25,159,163,1,4,27.670152580147434,Low
43,130,169,16,34,88,556,1,0,45.8854791702383,Medium
73,31,190,18,63,65,88,0,14,9.711983541916684,Low
75,9,162,25,37,11,588,1,5,30.34459111949254,Low
52,109,105,47,82,167,422,0,11,61.58066175210012,Medium
43,161,79,43,65,72,555,0,7,65.6694668266758,Medium
71,123,120,43,74,75,618,1,12,65.9437682153266,Medium
30,86,31,31,95,89,178,0,18,48.61134921995545,Medium
68,54,68,5,89,9,690,0,0,53.360192010972064,Medium
27,31,61,35,50,95,672,0,10,53.66878107320419,Medium
55,177,185,37,60,175,592,0,19,62.88359334819131,Medium
57,134,101,10,80,19,524,0,0,50.72004114520829,Medium
59,92,192,32,87,38,323,0,7,26.427224412823602,Low
39,7,54,23,38,59,41,1,4,24.344248242756723,Low
54,64,177,22,92,65,296,0,16,25.467169552545858,Low
67,56,177,14,28,64,603,0,7,32.75330018858221,Low
44,66,153,26,75,178,52,0,9,28.321618378193048,Low
54,186,86,10,50,123,626,0,1,72.48414195096863,High
44,71,99,49,54,163,10,1,8,40.14229384536259,Medium
48,53,26,16,24,151,582,1,2,67.40099434253386,Medium
37,66,199,13,12,154,279,0,17,19.86113492199555,Low
65,50,33,26,20,129,189,0,6,45.97977027258701,Medium
37,96,92,17,62,158,745,0,14,67.39242242413853,Medium
21,91,162,27,55,56,527,1,19,37.41642379564546,Medium
73,7,168,46,39,77,112,1,17,18.121035487742162,Low
54,161,182,46,66,193,19,1,2,43.78535916338077,Medium
35,34,85,3,27,28,592,1,13,39.43082461854964,Medium
60,95,110,6,60,14,99,0,1,23.392765300874345,Low
55,87,149,44,57,11,235,1,13,29.255957483284767,Low
52,77,182,34,75,100,679,1,10,50.214297959883424,Medium
23,31,39,47,17,155,749,0,15,65.03514486542089,Medium
52,119,29,8,31,83,135,0,7,45.885479170238284,Medium
33,45,44,7,15,124,218,1,6,40.776615806617535,Medium
40,143,44,44,85,102,106,1,10,58.77764443682495,Medium
67,195,73,16,66,23,83,1,2,50.797188410766324,Medium
39,164,52,16,45,148,636,1,16,80.94462540716614,High
75,181,183,48,88,137,200,0,13,49.717126692953876,Medium
27,141,114,32,66,109,691,0,5,62.80644608263331,Medium
26,54,33,31,58,77,725,1,7,66.30378878793073,Medium
22,175,84,7,54,100,65,1,4,44.31681810389165,Medium
36,6,129,18,91,145,729,1,7,53.24018515343734,Medium
52,73,99,37,75,141,562,1,1,63.226470084004795,Medium
67,6,73,2,86,161,41,1,14,37.613577918738216,Medium
31,160,144,4,54,127,536,0,11,51.860106291788114,Medium
78,150,199,12,88,57,583,0,16,47.12840733756216,Medium
70,84,150,46,29,75,676,0,0,49.69141093776788,Medium
41,146,188,45,73,149,293,1,14,46.6998114177953,Medium
74,111,153,30,76,197,730,1,13,75.09000514315105,High
41,124,44,15,92,35,503,0,19,59.514829418823936,Medium
65,146,160,49,12,172,196,0,15,44.40253728784502,Medium
49,35,136,31,63,163,507,1,8,49.54568832504715,Medium
57,28,155,21,87,21,451,0,0,25.92148122749872,Low
57,187,168,28,73,126,139,1,16,47.265558031887544,Medium
64,81,44,21,49,79,648,1,12,69.04680267443854,Medium
70,1,98,42,68,188,301,0,4,45.73975655751758,Medium
73,128,87,2,64,99,123,0,9,43.708211897822736,Medium
27,46,192,9,71,183,208,0,5,20.984056231784677,Low
46,196,31,41,13,95,22,1,18,58.5547745585462,Medium
46,147,51,20,69,160,280,1,12,68.27533001885821,Medium
53,10,147,15,84,172,610,0,0,45.57689010800617,Medium
40,129,115,11,39,163,224,1,19,48.34561974969998,Medium
49,194,111,1,11,147,453,1,14,63.775072861306356,Medium
52,118,160,40,71,17,799,1,13,56.6689525115721,Medium
47,139,50,23,58,37,521,0,7,60.1834390536602,Medium
66,19,97,34,18,194,456,1,9,54.19166809531971,Medium
52,4,39,29,40,150,724,0,8,63.85222012686439,Medium
24,36,165,29,70,108,83,0,16,13.303617349562833,Low
79,165,79,46,88,122,546,1,8,83.1733241899537,High
67,136,153,34,57,143,110,0,2,39.59369106806104,Medium
38,52,179,18,34,186,185,1,10,27.378707354705984,Low
23,171,112,49,45,196,436,0,11,65.06086062060689,Medium
54,98,62,7,17,195,126,0,9,47.52271558374764,Medium
68,85,149,25,82,148,175,1,16,42.448139893708216,Medium
36,107,79,48,67,103,50,0,16,39.73084176238644,Medium
63,23,170,39,54,197,438,0,10,40.7251842962455,Medium
47,80,50,6,71,139,353,0,3,54.35453454483113,Medium
49,157,24,29,48,143,433,1,6,78.67306703240186,High
48,119,181,6,67,80,375,1,13,36.473512772158415,Medium
65,58,29,2,90,86,129,0,6,43.88822218412482,Medium
72,127,108,0,92,141,618,0,7,67.46099777130122,Medium
25,113,149,35,73,60,666,0,0,47.37699297102693,Medium
54,114,145,24,53,198,737,1,3,71.24121378364478,High
79,13,30,36,38,45,238,1,11,44.19681124635693,Medium
60,8,197,0,68,31,139,0,2,0.0,Low
56,39,178,14,80,14,361,1,12,21.909823418481057,Low
43,193,75,36,18,43,327,1,19,57.71472655580319,Medium
48,24,102,12,15,144,658,1,5,51.75724327104406,Medium
68,102,156,39,38,168,346,1,10,50.72004114520829,Medium
65,21,118,7,67,53,282,0,3,25.270015429453117,Low
72,3,168,4,26,43,126,1,19,8.417623864220818,Low
50,153,92,8,25,97,377,1,15,55.22887022115549,Medium
54,185,175,0,96,4,103,0,6,25.30430310303446,Low
79,28,134,35,12,108,177,0,10,25.63003600205726,Low
52,108,26,34,30,26,724,1,0,71.41265215155153,High
71,97,99,1,73,115,350,1,6,53.3259043373907,Medium
40,36,163,39,99,86,670,0,11,42.56814675124292,Medium
51,74,116,22,45,103,704,0,6,53.94308246185497,Medium
42,69,23,8,95,122,161,0,6,49.09994856848964,Medium
52,145,23,33,71,78,595,1,9,80.44745414023659,High
22,127,122,45,51,42,283,1,15,39.18223898508488,Medium
37,84,59,13,85,96,563,0,7,58.53763072175553,Medium
44,41,36,3,51,30,505,1,8,48.585633464769415,Medium
61,99,120,29,70,98,733,0,8,61.99211383507628,Medium
50,40,122,30,22,16,110,1,1,16.835247728441637,Low
73,165,143,37,20,82,566,0,12,56.92611006343219,Medium
77,33,71,10,63,109,91,0,12,34.647694153951655,Low
22,16,71,34,25,181,538,1,3,54.071661237785015,Medium
59,164,183,7,17,189,82,1,11,38.43648208469055,Medium
65,152,143,2,68,31,23,1,16,29.69312532144694,Low
43,121,185,13,66,167,442,1,1,47.55700325732899,Medium
69,75,197,12,49,140,166,1,12,27.30156008914796,Low
51,86,82,44,68,34,744,1,17,65.21515515172295,Medium
66,116,135,31,11,132,141,0,14,35.98491342362421,Medium
41,105,81,33,85,28,347,1,7,48.697068403908794,Medium
42,85,26,44,19,69,413,0,14,54.14023658494773,Medium
21,26,174,18,53,152,385,0,0,24.207097548431346,Low
46,56,111,37,20,94,568,1,19,49.08280473169896,Medium
61,30,33,15,88,21,116,0,9,32.96759814846563,Low
21,133,105,1,89,193,629,0,11,66.71524087090691,Medium
45,167,152,39,90,172,274,1,4,58.400480027430156,Medium
36,97,149,16,99,68,214,1,8,32.77044402537288,Low
59,11,81,33,11,88,88,1,7,27.310132007543288,Low
52,52,168,41,59,71,164,0,15,19.441110920624038,Low
28,198,98,15,21,128,792,1,13,78.39876564375106,High
62,137,168,37,99,171,256,1,12,54.028801645808336,Medium
73,172,157,1,32,86,540,1,12,55.77747299845706,Medium
67,144,77,1,27,95,547,1,4,65.31801817246699,Medium
58,153,139,25,71,74,738,0,15,63.20932624721413,Medium
48,189,186,12,71,166,163,1,10,45.96262643579633,Medium
61,121,152,46,47,53,163,0,4,30.430310303445925,Low
74,45,84,30,76,87,695,1,12,65.02657294702556,Medium
45,63,32,33,47,156,101,0,10,47.11126350077146,Medium
54,129,101,38,76,53,442,0,18,53.03445911194925,Medium
69,53,192,2,70,15,347,0,2,16.098062746442665,Low
44,106,179,7,10,98,489,1,14,36.41350934339106,Medium
43,192,183,22,54,19,702,0,6,49.451397222698446,Medium
32,50,158,13,37,45,140,1,6,12.900737184982,Low
79,180,168,26,30,194,459,1,5,66.20092576718669,Medium
77,35,71,28,22,192,796,1,2,76.35007714726558,High
26,114,136,38,36,126,282,1,12,42.010972055546034,Medium
76,25,45,38,16,57,597,1,6,57.65472312703584,Medium
55,28,53,0,31,180,186,0,4,40.879478827361574,Medium
64,148,71,16,83,110,705,1,17,81.68181038916511,High
39,10,131,40,62,128,652,0,7,44.728270186867825,Medium
20,39,101,29,88,80,58,0,16,21.661237785016286,Low
27,10,199,12,88,193,576,0,19,33.8247899879993,Low
65,163,176,20,13,156,675,0,0,59.09480541745242,Medium
35,112,185,18,32,83,364,0,13,26.81296074061376,Low
33,186,61,18,79,69,721,0,16,75.87862163552204,High
31,38,40,24,97,7,317,0,9,37.2621292645294,Medium
70,53,61,21,93,28,639,1,11,61.33207611863535,Medium
42,97,160,30,93,111,784,0,15,57.72329847419853,Medium
34,54,132,16,85,178,55,1,13,32.90759471969827,Low
47,110,124,22,42,160,311,0,15,45.885479170238305,Medium
53,151,36,31,37,130,417,0,7,69.42396708383336,Medium
21,149,139,9,17,187,198,0,9,38.72792731013201,Medium
51,68,156,9,10,162,138,0,16,23.769929710269157,Low
42,55,188,35,46,196,570,1,17,47.642722441282366,Medium
41,32,148,7,72,107,546,1,19,39.92799588547917,Medium
70,35,149,19,31,108,275,1,15,30.953197325561455,Low
44,147,79,31,79,19,127,0,16,40.099434253385915,Medium
77,80,67,49,30,72,473,0,15,56.274644265386605,Medium
41,189,48,13,44,166,153,0,18,61.83781930396025,Medium
77,108,116,49,88,3,451,1,7,52.725870049717116,Medium
77,153,29,27,14,18,209,0,5,51.66295216869538,Medium
41,193,77,45,69,101,166,1,5,61.220641179495985,Medium
68,72,40,23,55,172,496,1,8,72.81844676838675,High
71,39,47,14,59,170,143,0,3,47.06840390879479,Medium
61,16,53,21,57,140,157,0,11,39.730841762386426,Medium
25,128,27,29,15,140,345,1,11,63.69792559574833,Medium
34,60,196,3,98,187,80,1,16,24.387107834733413,Low
73,170,98,12,65,184,242,1,14,67.12669295388307,Medium
62,103,164,22,68,85,343,0,8,36.08777644436825,Medium
79,41,106,7,38,51,675,0,6,46.45979770272587,Medium
56,24,107,17,80,110,99,0,9,26.66723812789304,Low
52,38,192,11,86,180,343,0,15,31.004628835933495,Low
27,34,88,30,27,108,208,0,11,28.355906051774394,Low
72,130,179,13,11,85,170,0,6,25.33001885822047,Low
79,107,191,33,17,42,547,1,17,40.41659523401337,Medium
63,171,106,17,84,199,130,1,14,63.3207611863535,Medium
63,178,120,33,63,199,310,1,5,69.4839705126007,Medium
24,101,27,10,47,41,733,0,11,62.46356934681982,Medium
58,97,96,40,57,89,584,1,10,62.600720041145216,Medium
23,11,106,11,36,114,445,0,19,30.970341162352128,Low
25,18,62,48,29,25,77,0,2,18.258186182067554,Low
64,100,148,14,21,150,774,1,1,63.00360020572605,Medium
51,43,128,30,52,42,468,0,5,32.77901594376823,Low
71,186,198,48,70,76,523,1,4,57.29470255443169,Medium
49,48,171,28,40,155,407,1,17,38.1193211040631,Medium
66,188,171,25,70,136,629,0,15,65.37802160123437,Medium
54,16,36,17,83,19,295,1,7,40.96519801131493,Medium
74,73,152,31,76,183,570,1,19,62.026401508657635,Medium
59,56,167,21,44,38,149,1,10,17.675295731184647,Low
71,54,40,37,24,178,739,1,9,80.8931938967941,High
35,46,77,16,25,11,565,0,11,36.593519629693134,Medium
32,11,178,22,22,182,790,1,5,45.84261957826161,Medium
69,61,129,23,44,10,599,1,19,43.29675981484657,Medium
79,79,158,49,84,153,737,1,4,69.12394993999656,Medium
61,82,199,7,68,41,619,0,8,32.55614606548946,Low
49,7,162,40,30,154,757,1,15,49.46854105948912,Medium
38,148,154,5,63,10,291,0,13,27.9873135607749,Low
36,80,47,4,84,37,670,1,7,61.529230241728094,Medium
75,117,70,43,39,97,587,1,19,72.42413852220125,High
38,197,24,28,57,170,755,1,18,100.0,High
47,199,24,27,44,18,466,0,13,67.9924567118121,Medium
77,24,113,10,95,191,96,0,6,37.450711469226825,Medium
74,88,115,0,47,133,88,0,4,33.7476427224413,Low
45,11,27,42,40,173,214,0,17,48.08846219783988,Medium
56,142,83,18,87,115,346,0,1,58.58049031373221,Medium
45,58,157,8,33,112,263,0,10,23.21275501457226,Low
72,153,57,26,58,169,313,1,7,74.06994685410594,High
42,108,130,33,41,64,389,0,0,38.12789302245842,Medium
28,25,131,43,64,98,139,1,11,24.935710612034974,Low
31,46,100,3,88,71,605,0,1,43.502485856334644,Medium
72,31,155,35,67,186,285,0,17,38.90793759643409,Medium
20,9,123,17,12,51,708,0,6,30.43888222184125,Low
77,15,172,14,89,117,567,1,16,43.18532487570719,Medium
77,198,92,12,78,174,192,0,13,66.24378535916338,Medium
20,144,197,18,94,119,277,0,6,31.938967941025215,Low
66,150,68,48,19,6,331,1,2,54.020229727412996,Medium
53,25,55,5,92,10,521,1,5,46.82839019372537,Medium
51,85,145,47,34,102,621,1,19,53.497342705297434,Medium
73,134,87,11,77,60,87,1,1,45.25115720898337,Medium
67,13,97,36,70,67,793,0,16,55.49459969141094,Medium
44,78,124,16,38,152,348,1,11,44.91685239156523,Medium
59,116,188,22,28,139,683,0,11,50.06857534716269,Medium
64,6,141,25,52,153,565,0,16,42.73958511914967,Medium
72,136,138,28,75,101,518,1,9,61.39207954740271,Medium
20,114,133,32,83,109,247,0,2,37.11640665180867,Medium
35,175,29,26,70,139,143,1,19,67.14383679067375,Medium
58,71,168,24,52,170,201,0,17,32.15326590090862,Low
24,58,183,9,34,50,365,1,12,18.05246014057947,Low
41,81,159,46,29,116,287,1,11,35.37630721755529,Medium
48,115,110,22,57,164,27,1,16,42.962454997428424,Medium
74,166,21,20,92,45,533,1,3,81.0989199382822,High
22,145,137,20,96,52,189,1,9,36.78210183439054,Medium
31,186,32,42,33,87,132,1,10,60.21772672724154,Medium
45,102,179,12,20,120,255,0,5,25.192868163895078,Low
35,16,114,36,64,12,743,0,5,39.45654037373565,Medium
70,13,163,32,37,88,382,0,8,25.672895594033946,Low
56,158,51,23,78,124,60,1,14,59.37767872449854,Medium
41,151,51,43,72,117,80,0,1,53.505914623692775,Medium
76,107,143,10,68,53,489,1,3,48.07989027944455,Medium
48,187,30,16,14,184,569,0,4,82.83901937253559,High
33,44,29,3,60,115,28,0,16,33.49048517058119,Low
47,97,34,46,30,117,783,1,7,81.27035830618891,High
24,130,36,24,21,3,93,0,7,32.90759471969827,Low
66,36,187,29,59,74,164,0,11,14.915138007886169,Low
68,170,165,8,13,48,574,0,7,45.70546888393621,Medium
49,167,172,20,51,6,628,1,18,48.42276701525802,Medium
65,182,78,19,93,109,366,0,2,67.21241213783644,Medium
71,107,97,18,47,121,656,1,17,68.86679238813649,Medium
24,38,143,18,34,10,452,0,18,18.729641693811075,Low
31,14,133,11,23,91,78,0,18,8.751928681638951,Low
35,119,41,36,84,181,532,0,14,76.38436482084691,High
45,3,177,41,41,172,152,0,5,18.172466998114185,Low
45,92,191,16,20,22,201,1,15,14.39225098577062,Low
67,152,51,36,70,27,396,0,7,61.083490485170564,Medium
40,140,198,47,27,110,387,1,15,40.34801988685069,Medium
58,160,193,38,36,56,590,1,17,49.614263672209844,Medium
55,15,132,27,64,25,544,0,19,31.40750900051431,Low
52,169,139,40,63,152,702,0,15,72.07268986799245,High
49,107,168,34,91,53,302,1,10,36.64495114006514,Medium
56,125,141,46,96,28,18,1,6,31.844676838676484,Low
42,193,51,47,84,96,280,0,16,67.72672724155666,Medium
77,54,138,17,30,163,396,0,16,42.78244471112635,Medium
29,169,58,13,53,13,102,0,11,38.196468369621115,Medium
73,33,31,34,14,77,538,0,12,55.43459626264357,Medium
24,157,194,43,96,34,163,0,9,24.47282701868679,Low
55,12,37,40,50,29,414,1,6,46.434081947539866,Medium
53,140,168,6,68,91,158,0,13,29.984570546888406,Low
71,17,160,40,98,16,276,0,0,20.924052803017325,Low
50,159,168,12,63,194,431,1,16,59.07766158066175,Medium
29,95,145,17,83,157,627,0,3,53.291616663809386,Medium
77,122,155,36,31,92,481,0,4,47.59129093091034,Medium
38,38,65,12,92,172,556,1,19,63.94651122921309,Medium
77,45,123,35,74,78,640,0,6,51.508657637579304,Medium
51,28,154,30,73,109,535,1,9,42.21669809703411,Medium
20,189,170,1,80,178,512,0,16,55.89747985599177,Medium
75,61,105,15,13,101,23,0,6,24.77284416252357,Low
24,184,169,8,74,105,787,0,0,60.192010972055556,Medium
64,15,108,8,24,46,661,1,6,42.3281330361735,Medium
23,183,41,37,85,180,373,1,10,80.78175895765473,High
35,120,111,10,31,63,128,1,8,31.536087776444372,Low
43,9,48,21,95,165,247,1,11,50.82290416595233,Medium
35,157,32,32,56,63,555,0,2,68.79821704097378,Medium
74,152,21,35,90,86,178,1,3,69.80970341162353,Medium
21,102,48,44,55,6,531,1,3,55.12600720041145,Medium
68,83,199,22,23,21,643,1,12,35.07629007371851,Medium
47,132,46,44,59,80,666,0,18,73.43562489285102,High
51,64,69,44,29,168,744,0,9,70.37545002571576,High
46,176,114,33,59,73,778,1,4,74.34424824275673,High
39,2,170,8,42,137,789,1,6,42.448139893708216,Medium
43,172,107,23,68,184,525,0,15,70.67546716955255,High
31,141,63,7,52,134,406,1,0,62.480713183610504,Medium
69,119,41,6,88,124,115,1,11,58.84621978398765,Medium
54,157,190,35,21,49,94,1,1,25.06428938796504,Low
79,67,184,17,49,51,223,1,6,23.709926281501794,Low
52,145,116,2,29,160,130,0,10,41.42808160466312,Medium
52,189,22,27,47,0,141,0,12,52.18583919081091,Medium
70,36,137,5,12,180,206,0,1,29.641693811074916,Low
62,152,38,43,37,187,28,1,6,65.49802845876907,Medium
56,175,42,43,65,161,651,1,14,93.67392422424139,High
31,192,176,20,99,3,21,0,10,21.686953540202285,Low
22,180,49,27,22,144,90,0,1,51.894393965369446,Medium
20,72,58,39,86,131,339,0,6,51.62009257671869,Medium
52,142,127,0,75,170,783,1,3,75.95576890108006,High
59,48,130,35,46,3,401,0,10,27.687296416938107,Low
29,120,44,20,58,0,646,1,1,61.15206583233329,Medium
62,87,147,42,75,70,316,1,15,41.57380421738386,Medium
63,195,130,34,45,177,276,0,6,60.69775415738042,Medium
48,139,155,12,63,188,456,0,12,54.320246871249786,Medium
32,186,125,48,35,34,450,1,4,53.3430481741814,Medium
31,36,163,9,84,7,661,0,16,27.910166295216875,Low
50,60,91,43,81,151,11,0,11,37.12497857020402,Medium
65,170,148,46,49,35,529,1,18,57.10612034973427,Medium
21,123,127,9,52,177,771,1,6,67.95816903823076,Medium
70,197,24,45,31,122,660,1,5,95.40545174009942,High
69,38,22,12,29,42,645,1,7,60.83490485170581,Medium
54,183,151,36,17,26,318,1,12,42.611006343219614,Medium
42,62,123,37,38,31,749,0,4,45.379735984913424,Medium
36,45,83,23,49,77,531,1,1,47.8398765643751,Medium
45,87,125,1,99,120,478,1,8,51.765815189439394,Medium
27,10,117,21,39,145,221,1,10,28.66449511400652,Low
48,61,29,16,90,155,121,0,5,50.08571918395337,Medium
45,76,168,35,93,156,17,1,6,30.34459111949254,Low
29,152,147,13,64,15,486,1,6,42.370992628150184,Medium
45,198,65,9,25,98,469,1,18,69.50111434939141,Medium
53,51,174,34,55,46,262,0,5,18.618206754671693,Low
70,3,85,24,71,186,535,1,10,60.60346305503172,Medium
60,58,188,2,16,30,761,1,10,35.23058460483456,Medium
26,71,131,46,89,3,447,1,6,36.73924224241386,Medium
23,147,32,37,54,164,763,0,1,85.28201611520659,High
77,92,156,16,68,16,670,0,18,44.7196982684725,Medium
72,62,183,11,65,38,245,0,3,18.009600548602787,Low
69,53,105,23,57,47,315,0,5,34.41625235727757,Low
64,116,109,28,36,173,487,1,16,65.30087433567633,Medium
30,109,77,42,62,175,688,1,4,77.00154294531117,High
48,73,73,24,96,38,29,0,6,29.71026915823762,Low
75,106,31,35,97,131,225,0,8,65.02657294702556,Medium
55,56,33,25,82,29,144,1,0,42.370992628150184,Medium
44,168,140,37,44,157,138,1,0,48.78278758786217,Medium
40,2,181,0,60,21,419,0,18,9.531973255614616,Low
76,119,140,19,93,65,431,0,5,47.977027258700495,Medium
55,5,39,27,46,107,303,0,17,42.49099948568491,Medium
29,4,94,15,90,11,255,0,9,19.106806103205905,Low
56,4,163,46,66,35,710,1,10,39.38796502657296,Medium
28,53,89,16,17,17,565,0,0,34.064803703068755,Low
43,46,75,39,88,89,95,0,0,33.927653008743356,Low
54,176,120,27,29,180,565,1,12,73.3413337905023,High
68,8,151,11,62,198,384,1,4,41.94239670838334,Medium
54,98,130,26,21,0,455,1,19,37.07354705983199,Medium
67,19,144,41,58,126,387,1,0,40.37373564203669,Medium
55,121,151,46,26,185,399,1,19,56.24035659180524,Medium
37,60,39,29,73,89,666,0,2,63.132178981656104,Medium
68,122,157,40,51,86,60,0,17,29.727412995028292,Low
58,162,43,33,38,89,251,0,8,59.52340133721927,Medium
51,177,173,36,28,133,303,1,13,48.8856506086062,Medium
43,81,56,5,20,69,572,0,16,50.87433567632438,Medium
42,61,73,6,59,43,275,1,13,37.3307046116921,Medium
51,144,122,31,80,199,129,0,3,51.748671352648735,Medium
56,2,168,31,67,151,721,0,4,44.505400308589074,Medium
31,159,57,24,43,85,257,1,16,56.231784673409926,Medium
68,12,193,32,29,18,79,1,1,3.3173324189953743,Low
74,119,23,6,59,100,66,0,4,51.18292473855649,Medium
32,124,76,11,97,145,391,0,3,58.6919252528716,Medium
42,88,192,15,19,94,48,0,3,9.257671866963834,Low
44,72,39,15,41,100,452,0,5,53.47162695011144,Medium
54,67,36,42,61,29,27,0,19,34.639122235556314,Low
60,141,138,35,24,169,741,1,12,73.32418995371162,High
49,100,90,12,93,32,765,1,4,64.11794959711983,Medium
36,97,23,6,12,11,361,1,6,46.09977713012173,Medium
68,10,33,35,46,117,307,1,19,52.70872621292645,Medium
39,104,22,46,49,93,292,0,0,56.70324018515345,Medium
67,183,99,8,81,154,595,0,13,76.43579633121892,High
44,66,74,31,49,166,119,1,3,46.005486027773024,Medium
41,122,151,10,65,136,189,0,16,34.83627635864907,Low
32,28,139,7,32,148,553,1,13,40.4680267443854,Medium
78,136,43,32,20,75,755,0,15,77.72158409051947,High
38,194,181,22,73,28,34,0,13,23.40133721926967,Low
68,152,177,24,17,160,747,0,15,62.58357620435454,Medium
55,75,101,7,65,189,66,1,19,43.30533173324189,Medium
31,169,166,44,69,116,189,1,7,43.58820504028801,Medium
60,8,178,21,19,14,241,1,2,8.486199211383513,Low
38,39,79,3,48,1,352,1,18,30.473169895422593,Low
31,24,166,39,37,179,486,0,0,35.10200582890451,Medium
28,4,68,2,58,116,585,0,1,43.84536259214812,Medium
26,138,82,28,45,171,464,0,14,62.32641865249443,Medium
47,186,129,40,22,181,241,0,9,54.903137322132686,Medium
33,123,169,28,45,17,298,1,17,27.84159094805417,Low
50,37,171,33,35,2,222,0,13,8.88050745756901,Low
71,71,128,33,95,134,267,0,16,44.88256471798389,Medium
38,132,95,27,13,170,539,0,12,61.32350420024001,Medium
77,175,49,12,91,165,696,1,0,96.20264015086576,High
66,89,77,14,73,164,238,1,4,56.977541573804224,Medium
35,145,136,22,47,185,235,1,12,50.72861306360363,Medium
72,197,178,43,97,160,605,0,13,72.20126864392252,High
24,36,119,25,96,107,444,1,2,42.23384193382479,Medium
54,59,38,3,31,186,767,0,14,73.68421052631578,High
31,175,195,25,11,94,411,0,18,35.43631064632266,Medium
44,27,192,39,40,121,631,0,16,33.97908451911539,Low
71,196,113,8,20,10,775,1,2,68.11246356934682,Medium
78,80,132,4,55,67,97,1,15,29.684553403051613,Low
40,113,165,31,71,122,593,0,13,49.87999314246529,Medium
55,39,82,19,78,195,551,0,11,61.092062403565905,Medium
72,44,135,49,73,112,693,1,11,60.3205897479856,Medium
42,61,132,10,19,97,318,1,10,31.587519286816395,Low
35,92,66,14,49,92,352,1,16,50.22286987827875,Medium
76,114,76,31,33,21,445,0,7,50.68575347162694,Medium
58,185,137,27,53,193,186,0,16,55.24601405794617,Medium
64,66,64,21,69,171,148,0,19,49.20281158923367,Medium
72,55,180,40,71,126,203,1,10,33.276187210697756,Low
61,39,164,16,96,133,195,1,1,31.536087776444372,Low
77,97,23,25,26,169,227,1,9,66.49237099262814,Medium
58,39,167,43,74,24,173,0,9,15.678038745071158,Low
33,90,66,6,66,184,170,0,10,47.359849134236235,Medium
50,32,162,41,64,84,534,1,5,39.070804045945486,Medium
77,5,66,25,62,54,610,0,3,49.73427052974456,Medium
24,146,97,24,65,143,51,1,11,45.40545174009943,Medium
54,79,143,9,18,94,219,0,10,24.978570204011653,Low
42,167,94,44,31,141,750,1,12,80.84176238642208,High
48,91,122,18,22,166,284,0,4,40.75947196982687,Medium
62,96,156,10,98,155,288,0,5,42.3967083833362,Medium
30,58,109,12,57,178,260,1,0,42.35384879135951,Medium
37,58,163,7,27,118,319,1,5,27.490142293845366,Low
66,47,88,39,85,176,729,1,17,75.97291273787073,High
31,168,80,3,49,8,149,1,8,38.76221498371335,Medium
28,12,157,46,26,185,555,1,14,42.6538659351963,Medium
29,106,69,30,24,172,539,0,7,62.20641179495971,Medium
77,44,22,27,24,149,66,1,18,50.73718498199897,Medium
63,88,126,10,88,159,121,1,15,43.536773529916,Medium
36,180,132,42,72,196,14,1,5,52.391565232299,Medium
57,169,113,0,48,196,419,0,5,63.35504885993486,Medium
26,99,137,48,22,41,423,1,2,36.82496142636724,Medium
65,190,100,46,90,52,191,1,9,58.623349905708885,Medium
32,154,128,37,41,186,22,1,0,44.82256128921653,Medium
59,165,70,23,18,73,348,0,13,55.186010629178824,Medium
61,187,166,46,49,38,268,0,3,40.18515343733928,Medium
28,6,189,30,29,121,99,1,11,8.477627292988178,Low
69,132,54,40,99,14,625,0,5,69.52683010457741,Medium
46,44,65,45,94,198,707,1,10,79.05023144179667,High
77,57,173,49,91,156,259,0,11,39.542259557689015,Medium
21,30,88,25,86,122,264,1,9,39.413680781758956,Medium
24,22,112,48,89,110,597,0,17,46.63980798902796,Medium
48,169,83,49,82,130,117,1,6,60.483456197497,Medium
56,137,184,4,72,82,677,1,6,52.82016115206585,Medium
57,159,68,19,85,9,603,0,10,63.929367392422435,Medium
38,106,168,40,53,91,598,1,3,48.688496485513475,Medium
27,180,93,10,47,28,494,1,19,55.357448997085555,Medium
67,157,24,32,92,34,267,1,0,67.10097719869708,Medium
64,38,119,49,69,5,648,1,12,47.75415738042174,Medium
20,158,89,37,80,139,291,0,17,56.39465112292131,Medium
41,81,109,26,57,110,97,1,8,35.110577747299835,Medium
71,99,23,33,27,37,213,0,8,48.397051260072004,Medium
36,1,145,14,25,76,25,0,8,2.142979598834225,Low
26,76,58,31,64,92,160,0,9,38.642208126178645,Medium
44,11,182,20,48,146,263,0,1,18.318189610834906,Low
64,38,148,45,77,66,197,1,5,29.7531287502143,Low
23,193,43,4,68,135,338,1,14,70.36687810732043,High
55,12,76,5,98,7,553,0,2,38.967941025201455,Medium
25,45,119,37,71,121,792,1,10,59.48054174524259,Medium
79,154,89,21,22,83,406,0,5,56.91753814503686,Medium
50,112,60,17,90,174,526,1,2,75.71575518601064,High
38,16,193,13,15,131,468,1,10,24.28424481398937,Low
63,103,79,9,92,178,339,1,14,65.14657980456026,Medium
73,97,127,45,86,84,178,0,12,40.536602091548104,Medium
58,187,76,12,69,194,702,0,19,87.8450197154123,High
46,191,50,30,99,44,375,1,9,70.3154465969484,High
29,87,103,29,23,135,187,0,5,34.62197839876565,Low
45,108,171,2,63,86,664,0,14,44.13680781758958,Medium
38,162,55,29,13,15,371,1,17,53.80593176752958,Medium
58,69,177,5,48,76,769,0,17,42.388136464940864,Medium
22,157,171,28,81,194,648,1,6,66.47522715583749,Medium
64,198,127,7,34,8,784,1,14,66.47522715583747,Medium
32,73,125,43,86,59,49,1,17,27.335847762729305,Low
69,62,177,44,41,77,425,0,17,32.5647179838848,Low
47,155,105,42,68,76,364,1,19,57.96331218926796,Medium
77,59,154,43,72,70,264,1,8,36.30207440425168,Medium
39,78,182,32,47,14,152,0,1,9.754843133893374,Low
47,36,33,16,62,70,761,0,7,62.1549802845877,Medium
27,21,139,47,76,101,749,0,19,46.74267100977198,Medium
60,195,157,10,37,168,719,0,1,69.97256986113493,Medium
58,147,99,12,12,21,586,1,10,54.81741813817933,Medium
20,95,163,49,89,151,20,0,6,26.615806617521002,Low
22,67,125,10,31,112,629,0,5,42.010972055546034,Medium
32,191,89,30,47,171,35,0,9,51.21721241213783,Medium
47,16,63,27,81,0,430,0,4,35.75347162695013,Medium
76,11,92,43,81,9,672,1,10,52.22869878278759,Medium
79,149,64,5,71,109,230,0,0,57.800445739756555,Medium
68,144,126,40,66,199,505,1,1,73.91565232298987,High
44,137,103,15,15,183,246,0,0,48.765643751071494,Medium
75,117,101,3,87,112,246,1,18,53.3259043373907,Medium
52,192,126,34,41,49,228,1,1,47.86559231956112,Medium
57,21,40,47,19,11,496,0,19,43.35676324361392,Medium
72,119,197,25,12,88,470,1,3,39.63655066003772,Medium
25,49,180,11,68,187,672,0,11,43.579633121892684,Medium
77,13,26,10,85,153,644,1,19,74.19852563003599,High
63,191,89,36,58,111,153,1,17,61.04063089319393,Medium
64,174,146,24,68,77,198,1,0,46.50265729470255,Medium
51,28,162,17,40,168,264,0,0,26.392936739242245,Low
64,163,179,18,78,163,77,1,13,43.468198182753305,Medium
66,179,167,22,71,120,625,0,3,62.42928167323847,Medium
40,124,162,37,61,22,345,1,4,34.904851705811765,Low
35,6,195,17,98,170,680,1,10,42.799588547917025,Medium
73,28,168,25,50,133,418,1,12,38.17075261443511,Medium
40,138,189,5,40,196,309,1,15,43.19389679410253,Medium
30,32,173,3,94,170,611,1,12,44.43682496142636,Medium
79,133,139,43,93,24,366,1,1,50.59146236927825,Medium
56,110,147,28,31,17,265,0,15,26.4272244128236,Low
55,78,161,33,13,189,362,0,5,40.13372192696726,Medium
54,159,76,16,22,140,741,0,13,75.801474369964,High
38,178,184,42,54,42,530,1,0,48.11417795302589,Medium
39,57,77,42,51,77,533,0,16,49.61426367220986,Medium
76,25,40,15,58,27,765,1,10,63.569346819818264,Medium
37,173,101,1,29,145,703,0,18,68.62677867306702,Medium
66,28,88,33,86,58,293,0,2,37.2364135093434,Medium
60,3,150,7,90,187,321,1,10,38.43648208469055,Medium
68,98,106,12,63,62,108,1,4,36.38779358820506,Medium
33,140,184,41,45,184,206,0,16,38.085033430481744,Medium
34,38,68,7,10,91,491,0,6,39.44796845534031,Medium
50,14,166,29,24,178,235,0,9,23.71849819989714,Low
20,118,134,31,86,55,624,0,10,48.4399108520487,Medium
72,28,108,35,26,154,627,1,2,58.30618892508145,Medium
73,156,104,46,33,159,374,0,19,64.44368249614264,Medium
73,74,147,29,67,110,377,1,9,45.81690382307562,Medium
22,115,159,0,81,136,579,1,9,50.565746614092234,Medium
35,31,188,42,32,67,599,0,13,26.495799759986294,Low
42,129,180,38,55,45,84,1,11,23.7785016286645,Low
76,174,197,16,81,66,51,0,14,28.407337562146413,Low
30,83,136,19,17,153,431,1,9,43.55391736670667,Medium
31,21,146,23,68,135,190,1,9,26.161494942568154,Low
29,26,90,49,99,5,554,0,18,40.090862334990575,Medium
51,194,105,21,68,23,80,1,0,43.29675981484657,Medium
35,80,52,28,22,175,577,1,9,68.34390536602093,Medium
27,125,100,21,48,93,114,0,1,33.670495456883245,Low
57,183,171,43,37,172,209,1,16,52.64872278415912,Medium
31,91,80,8,98,12,110,1,6,31.690382307560437,Low
43,20,80,36,70,196,777,0,6,67.9924567118121,Medium
47,46,117,9,25,24,316,0,19,21.618378193039607,Low
72,100,47,35,11,147,595,1,8,75.41573804217383,High
27,186,62,36,91,117,692,1,1,85.5648894222527,High
77,83,188,27,26,81,386,1,13,34.39053660209155,Low
47,5,186,27,39,110,664,0,16,31.210354877421576,Low
55,146,105,41,22,81,687,1,0,67.76958683353335,Medium
45,184,196,42,91,65,408,1,8,48.47419852563003,Medium
27,196,36,20,22,44,782,1,19,80.37030687467855,High
77,130,117,23,52,113,230,1,18,51.49151380078861,Medium
79,0,117,41,94,174,604,1,3,61.64923709926282,Medium
69,57,84,39,30,62,191,1,7,38.736499228527336,Medium
47,123,93,1,64,75,316,0,12,43.74249957140409,Medium
47,165,104,7,90,113,531,0,3,63.457911880678886,Medium
56,14,24,47,49,110,405,1,8,57.84330533173324,Medium
60,161,21,26,92,182,13,1,8,70.90690896622665,High
55,188,41,21,24,146,290,0,17,68.09531973255615,Medium
46,162,131,36,82,34,224,0,11,39.979427395851204,Medium
73,63,76,26,61,52,619,0,9,55.72604148808503,Medium
36,24,85,28,83,25,429,1,10,38.642208126178645,Medium
28,23,93,2,62,13,110,1,6,15.969483970512613,Low
52,11,117,43,96,117,530,1,8,50.49717126692953,Medium
72,17,163,12,61,44,582,1,5,34.441968112463584,Low
39,14,131,44,39,171,318,0,18,34.17623864220814,Low
32,26,198,9,42,192,667,0,15,36.353505914623696,Medium
47,71,144,35,66,50,519,0,14,38.29933139036517,Medium
67,59,186,8,61,170,72,0,6,21.849819989713705,Low
48,173,105,26,18,118,642,1,15,70.51260072004115,High
32,144,95,33,63,150,235,1,4,56.04320246871251,Medium
65,92,107,0,10,183,114,0,15,37.647865592319576,Medium
54,52,187,31,53,18,781,0,0,35.384879135950634,Medium
25,7,57,24,84,81,434,0,18,40.91376650094292,Medium
37,78,78,28,89,75,264,0,4,41.54808846219786,Medium
70,26,157,6,18,182,438,0,6,35.75347162695013,Medium
24,173,118,48,41,91,443,1,18,57.96331218926797,Medium
66,49,82,2,24,187,216,1,4,46.416938110749186,Medium
44,198,68,19,21,186,37,0,16,55.88890793759642,Medium
21,130,51,19,87,32,691,0,7,63.54363106463228,Medium
29,92,154,29,66,146,345,0,0,38.02503000171439,Medium
75,191,40,34,17,27,597,1,1,77.51585804903138,High
49,171,39,34,81,122,637,1,14,88.23932796159778,High
69,180,173,48,36,179,78,1,19,49.442825304303106,Medium
78,23,146,38,71,125,755,0,17,54.851705811760674,Medium
64,59,87,26,21,176,522,1,10,61.38350762900738,Medium
24,121,129,25,74,36,176,0,9,27.395851191496668,Low
74,130,135,13,51,153,739,1,3,72.20126864392252,High
75,147,162,16,71,98,794,1,4,68.85822046974113,Medium
52,45,139,17,20,97,377,1,3,33.01045774044231,Low
73,14,98,44,52,126,260,0,12,38.92508143322475,Medium
20,152,135,28,26,167,695,0,12,62.043545345448315,Medium
37,198,111,19,41,79,179,1,17,48.542773872792736,Medium
51,16,33,26,94,37,767,0,1,60.68061032058974,Medium
66,125,174,17,94,76,99,0,15,28.433053317332423,Low
68,83,144,3,49,125,570,0,0,47.42842448139895,Medium
30,8,187,0,32,86,455,0,18,13.612206411794961,Low
40,165,77,49,65,53,303,0,8,54.088805074575696,Medium
45,175,47,0,15,149,159,0,2,54.75741470941197,Medium
44,187,45,25,95,15,141,0,6,51.99725698611349,Medium
41,62,132,44,59,27,442,1,9,37.16783816218071,Medium
78,116,85,19,46,162,68,0,0,47.56557517572432,Medium
46,129,172,22,73,187,208,0,9,40.97376992971027,Medium
68,87,150,9,63,172,224,1,8,43.36533516200925,Medium
32,71,63,10,81,45,570,1,14,54.114520829761695,Medium
52,138,116,40,58,71,481,1,14,57.791873821361214,Medium
53,63,61,40,20,182,753,1,2,76.59866278073032,High
60,71,25,4,97,84,256,0,4,51.61152065832334,Medium
54,20,186,0,58,25,391,1,8,16.372364135093438,Low
20,17,199,16,30,84,248,1,8,7.946168352477293,Low
40,63,42,21,75,152,376,0,6,56.85753471626951,Medium
67,81,108,33,72,64,177,0,11,35.907766158066174,Medium
74,109,142,44,92,133,569,0,8,61.8549631407509,Medium
25,94,197,40,37,150,60,1,5,21.755528887364992,Low
47,165,190,28,26,114,619,0,1,49.57140408023316,Medium
36,31,166,3,15,63,737,1,8,33.944796845534036,Low
24,10,70,4,28,86,698,0,16,43.519629693125324,Medium
50,44,30,10,65,170,389,0,0,57.92902451568661,Medium
24,32,31,20,37,106,483,1,18,53.09446254071663,Medium
57,101,93,34,75,150,89,0,5,44.97685582033261,Medium
22,168,27,11,47,95,706,0,4,75.68146751242931,High
72,135,171,25,46,157,376,0,1,47.93416766672381,Medium
42,10,60,18,77,76,470,0,8,42.88530773187039,Medium
56,178,183,44,95,145,548,0,13,62.232127550145734,Medium
72,87,104,6,99,86,461,1,3,55.77747299845706,Medium
56,40,91,46,58,148,473,1,3,57.26898679924568,Medium
29,144,74,6,52,56,487,0,14,52.10012000685755,Medium
29,75,156,25,45,102,429,1,7,36.6106634664838,Medium
38,120,66,39,67,150,716,1,3,80.30173152751587,High
36,45,162,4,22,90,223,1,15,18.19818275330019,Low
40,159,195,20,61,44,378,0,3,31.37322132693297,Low
33,79,123,13,67,171,123,0,15,33.78193039602264,Low
28,53,61,3,41,87,763,0,11,55.33173324189954,Medium
65,85,79,22,90,114,512,1,15,65.23229898851362,Medium
20,91,31,41,69,46,645,1,18,66.60380593176754,Medium
70,147,149,19,92,167,597,0,7,66.92096691239499,Medium
64,160,26,14,67,178,320,0,5,75.33001885822048,High
32,167,99,49,65,169,478,1,9,73.10132007543288,High
23,159,150,44,37,134,717,1,4,65.3865935196297,Medium
20,96,128,28,10,49,53,0,17,14.666552374421398,Low
68,1,22,7,51,175,424,1,9,61.15206583233327,Medium
59,32,46,40,91,83,707,1,9,69.95542602434426,Medium
51,157,133,47,57,90,255,1,6,50.14572261272073,Medium
53,160,126,18,49,133,93,1,17,45.66260929195954,Medium
47,76,59,47,72,90,216,1,0,50.565746614092234,Medium
50,115,180,38,85,136,160,1,6,38.153608777644436,Medium
27,153,148,45,81,108,677,1,0,64.92370992628152,Medium
58,149,27,27,97,56,537,0,14,73.83850505743186,High
45,102,120,45,89,30,174,0,3,32.4018515343734,Low
77,193,179,26,13,20,154,1,19,33.72192696725527,Low
53,165,143,3,47,89,46,1,9,34.71626950111435,Low
73,102,195,14,36,39,342,1,8,28.141608091890973,Low
73,89,126,34,18,111,412,0,1,44.98542773872793,Medium
22,173,120,36,25,44,423,0,13,44.39396536944968,Medium
78,121,23,0,65,76,54,1,15,53.45448311332077,Medium
69,142,129,2,85,176,411,0,0,59.64340819475399,Medium
31,105,38,46,40,86,215,1,1,52.38299331390365,Medium
20,118,51,23,97,147,71,1,6,52.597291273787086,Medium
73,171,156,26,23,100,429,1,9,54.64597977027258,Medium
63,48,31,39,34,116,477,1,19,64.12652151551518,Medium
24,103,158,35,43,91,28,1,0,21.866963826504374,Low
49,60,65,33,76,144,374,1,12,58.9490828047317,Medium
49,194,138,28,33,27,309,1,0,45.3968798217041,Medium
78,122,35,23,82,168,16,0,4,59.017658151894395,Medium
76,133,148,23,35,193,770,1,15,76.27292988170751,High
36,8,82,41,29,24,437,0,14,29.950282873307053,Low
67,5,128,3,73,57,126,1,16,20.049717126692958,Low
66,72,138,2,19,40,589,1,15,40.69089662266415,Medium
42,102,40,33,92,133,516,0,12,69.95542602434422,Medium
34,159,177,48,76,74,555,0,10,49.03137322132693,Medium
56,40,32,22,33,37,715,1,16,61.64923709926281,Medium
40,113,181,22,14,133,334,0,16,31.27893022458427,Low
33,7,23,44,76,172,64,1,1,47.04268815360879,Medium
21,71,175,4,67,74,787,1,12,43.52820161152066,Medium
30,177,121,30,36,141,51,0,13,40.2623007028973,Medium
70,91,78,40,89,65,306,0,10,50.788616492370984,Medium
58,61,147,5,24,167,240,0,9,30.858906223212752,Low
57,83,46,36,44,2,462,0,2,48.83421909823419,Medium
79,61,88,9,85,116,403,1,16,56.128921652665866,Medium
53,110,44,39,62,98,531,0,14,67.30670324018516,Medium
57,126,150,6,53,151,367,0,8,45.48259900565746,Medium
69,6,116,38,35,18,453,0,9,29.033087605006003,Low
53,83,44,37,56,145,137,0,7,50.61717812446423,Medium
37,131,167,20,43,191,700,0,12,59.480541745242576,Medium
49,133,181,19,96,115,414,1,17,47.96845534030516,Medium
34,57,173,2,59,124,401,1,4,31.424652837304993,Low
46,21,145,21,93,87,202,0,5,21.738385050574323,Low
70,153,152,46,21,34,613,0,16,51.620092576718676,Medium
53,126,28,3,96,189,752,1,10,93.85393451054347,High
71,2,135,27,13,0,87,0,19,5.048859934853427,Low
76,126,197,11,96,152,94,1,15,37.510714897994184,Medium
57,40,153,37,57,172,39,1,8,29.62454997428426,Low
52,187,79,35,64,176,734,0,1,87.79358820504031,High
43,105,191,46,10,125,58,1,4,22.792731013200754,Low
34,13,140,40,98,88,786,0,0,47.35984913423625,Medium
79,11,158,4,75,143,154,0,3,23.298474198525636,Low
49,86,194,12,39,146,78,1,3,21.995542602434426,Low
74,11,127,22,12,150,67,1,2,25.852905880336024,Low
61,140,127,49,30,24,706,0,8,56.617521001200075,Medium
70,24,150,29,98,15,583,1,11,39.74798559917709,Medium
36,44,95,36,93,181,488,0,9,55.75175724327105,Medium
24,121,49,24,58,72,454,1,1,59.3176752957312,Medium
48,146,40,47,95,128,305,1,10,73.52991599519973,High
23,54,175,26,94,41,687,0,9,34.41625235727756,Low
29,99,180,13,71,146,180,0,5,26.092919595405455,Low
75,172,182,47,47,161,584,0,17,64.04937424995715,Medium
36,135,199,46,24,79,156,1,1,25.04714555117435,Low
29,118,53,35,61,103,493,0,1,61.14349391393794,Medium
36,52,60,38,88,182,315,0,9,55.348877078690215,Medium
79,182,70,15,55,145,682,1,15,88.87364992285272,High
39,31,194,21,34,33,662,1,11,27.172981313217903,Low
43,50,101,20,30,88,618,0,0,45.079718841076634,Medium
24,43,77,20,97,124,455,0,7,47.942739585119135,Medium
53,81,94,7,14,44,230,0,15,28.373049888565067,Low
25,197,42,48,79,133,564,0,17,82.8904508829076,High
72,145,195,15,56,20,387,1,12,35.796331218926795,Medium
21,149,147,30,96,121,629,1,14,62.74644265386594,Medium
32,36,169,41,77,69,275,0,11,19.981141779530258,Low
62,95,36,9,27,95,104,0,7,42.619578261614954,Medium
62,55,88,31,30,104,271,0,9,39.25081433224756,Medium
67,104,127,33,95,47,80,1,13,36.20778330190297,Medium
30,58,158,8,32,38,228,0,4,11.374935710612037,Low
70,130,113,16,73,30,542,0,17,52.580147436996405,Medium
66,155,34,10,76,9,101,1,18,51.72295559746271,Medium
76,34,110,31,49,29,136,1,14,27.30156008914796,Low
42,188,182,9,19,17,89,0,5,17.855306017486715,Low
74,92,52,21,98,187,247,0,10,64.51225784330532,Medium
35,181,144,16,61,87,381,1,10,50.90005143151038,Medium
50,190,35,3,81,124,495,0,19,77.92731013200753,High
30,96,181,47,84,72,703,0,19,46.02262986456368,Medium
73,134,85,46,70,14,34,1,17,42.60243442482429,Medium
35,75,187,24,73,3,165,1,17,13.260757757586154,Low
27,48,175,20,14,190,526,1,9,39.34510543459626,Medium
23,93,66,36,62,167,641,0,1,67.69243956797531,Medium
59,158,186,37,64,8,798,1,8,56.720384021944106,Medium
23,185,167,48,46,108,539,1,13,57.217555288873655,Medium
75,188,143,0,65,136,719,0,18,72.07268986799245,High
44,23,20,24,68,153,66,0,9,42.41385222012686,Medium
22,147,106,35,78,131,614,1,3,68.81536087776445,Medium
51,36,147,16,82,15,28,1,5,12.103548774215673,Low
22,3,86,40,68,142,393,0,13,39.86799245671182,Medium
46,107,23,23,11,98,202,0,3,48.73992799588547,Medium
48,125,172,1,74,120,246,1,14,37.450711469226825,Medium
51,19,66,39,69,51,396,1,15,45.03685924909995,Medium
69,187,57,14,60,68,435,0,6,67.5295731184639,Medium
77,151,162,31,39,4,286,1,16,37.63929367392423,Medium
70,49,40,38,20,19,236,0,18,37.86216355220299,Medium
38,176,76,5,85,78,754,1,18,78.33876221498372,High
40,178,136,0,48,145,561,0,16,59.14623692782446,Medium
24,95,65,46,99,110,332,0,5,53.66020915480885,Medium
37,104,161,22,86,1,162,1,10,22.364135093433912,Low
47,163,164,38,81,92,648,1,15,63.295045431167495,Medium
61,116,58,16,72,12,246,0,7,43.8196468369621,Medium
41,97,156,33,73,3,64,1,10,19.089662266415232,Low
40,65,118,40,70,169,445,1,6,54.94599691410939,Medium
25,78,96,28,63,108,693,1,18,60.80918909651981,Medium
20,161,134,8,82,73,118,0,9,31.37322132693297,Low
24,163,153,12,67,188,193,1,8,47.505571746956974,Medium
60,5,170,5,94,94,377,1,3,28.03874507114693,Low
31,38,110,5,65,104,207,0,14,25.63003600205727,Low
45,169,117,19,43,7,380,1,12,46.0226298645637,Medium
65,114,139,2,40,66,382,1,1,41.36807817589577,Medium
53,185,65,16,61,190,506,0,1,79.20452597291272,High
68,124,57,48,98,109,608,0,15,77.93588205040288,High
33,11,161,11,85,8,210,1,8,10.312017829590268,Low
45,130,119,47,10,116,518,1,12,57.989027944453966,Medium
64,17,91,46,64,10,331,0,2,31.27035830618893,Low
46,39,54,44,31,98,284,0,8,41.97668438196468,Medium
28,20,166,0,49,41,220,1,12,9.437682153265904,Low
45,142,49,16,10,140,513,1,1,69.88685067718156,Medium
76,98,97,2,74,163,127,1,7,50.188582204697404,Medium
66,25,103,25,72,119,712,0,8,56.48037030687468,Medium
76,7,132,14,63,140,563,1,15,48.731356077490155,Medium
41,99,44,35,51,11,51,0,1,32.66758100462883,Low
66,86,187,31,30,36,324,0,5,22.321275501457237,Low
75,41,107,31,88,73,797,0,7,60.354877421566954,Medium
49,171,33,3,90,72,338,1,4,68.10389165095148,Medium
62,13,173,17,31,51,26,1,8,5.631750385736334,Low
67,77,121,48,47,198,292,1,0,55.50317160980628,Medium
36,1,169,18,89,129,267,0,8,19.81827533001886,Low
45,118,195,42,17,55,584,1,9,39.79084519115379,Medium
55,36,102,34,71,59,583,0,3,45.6283216183782,Medium
20,68,129,39,56,22,621,0,2,37.09926281501801,Medium
27,165,198,13,26,102,28,0,9,16.955254585976355,Low
68,40,150,32,26,39,538,0,14,32.15326590090864,Low
54,61,189,13,99,63,432,0,10,27.9873135607749,Low
71,59,38,33,22,84,475,0,13,56.10320589747986,Medium
34,124,47,3,26,150,382,1,5,61.39207954740272,Medium
66,110,192,23,47,156,767,0,11,56.73752785873479,Medium
75,13,90,28,90,178,772,1,12,73.384193382479,High
41,83,82,18,87,196,90,0,16,46.0912052117264,Medium
33,129,92,5,54,88,560,1,15,58.35762043545346,Medium
45,69,143,32,15,30,557,1,2,36.70495456883251,Medium
47,144,138,48,44,177,433,1,1,62.3435624892851,Medium
42,122,140,39,23,19,438,1,10,39.525115720898334,Medium
33,88,38,18,81,182,397,0,8,64.0836619235385,Medium
43,27,194,0,70,129,718,0,2,35.56488942225269,Medium
21,65,161,4,24,152,679,0,17,40.65660894908281,Medium
64,162,139,26,63,12,213,0,19,36.027773015600886,Medium
45,4,185,15,36,121,205,1,14,14.932281844676845,Low
33,192,80,5,22,102,737,1,13,75.28715926624379,High
78,167,183,39,40,105,294,1,1,47.77987313560775,Medium
75,183,187,12,44,118,205,0,16,39.550831476084355,Medium
70,163,49,47,69,69,316,1,7,69.80970341162352,Medium
26,44,28,34,15,194,673,0,9,68.03531630378879,Medium
22,150,83,18,78,185,23,1,17,51.71438367906739,Medium
66,46,180,11,95,98,155,1,18,24.961426367220984,Low
42,30,139,15,67,81,66,1,7,18.326761529230247,Low
65,138,71,42,58,74,732,1,7,78.63877935882047,High
62,9,108,9,32,117,789,1,2,54.688839362249276,Medium
66,194,161,24,98,83,219,0,2,46.83696211212069,Medium
79,117,72,19,43,191,538,1,11,77.52442996742671,High
64,13,97,30,35,68,353,0,16,32.55614606548947,Low
37,79,60,3,56,58,724,0,3,56.88325047145552,Medium
77,92,87,43,14,187,620,0,16,70.55546031201783,High
57,9,27,22,99,125,288,0,13,50.454311674952855,Medium
54,75,21,1,29,110,218,0,18,47.1369792559575,Medium
70,93,124,21,15,61,650,0,8,48.83421909823418,Medium
34,104,144,36,79,143,344,0,11,44.04251671524088,Medium
44,0,129,7,68,127,297,0,4,25.63003600205726,Low
74,132,105,6,73,104,261,1,10,53.31733241899536,Medium
56,19,188,13,27,67,274,1,19,14.692268129607411,Low
47,7,139,2,13,14,280,0,2,7.620435453454495,Low
29,170,146,49,26,182,709,0,14,68.72964169381108,Medium
58,0,35,15,23,34,428,0,13,37.28784501971541,Medium
76,56,81,18,87,182,735,1,10,78.29590262300702,High
36,63,132,17,22,13,220,1,19,19.423967083833368,Low
58,117,195,15,16,176,374,0,7,37.44213955083146,Medium
41,27,177,7,53,101,85,0,3,7.569003943082472,Low
45,120,31,32,24,99,669,1,11,75.801474369964,High
63,106,54,48,28,6,330,1,7,50.780044573975644,Medium
44,164,30,11,72,29,734,0,5,74.5928338762215,High
36,174,83,10,44,48,442,0,14,52.794445396879816,Medium
32,164,69,4,90,143,118,0,11,52.23727070118292,Medium
39,48,168,26,44,110,650,0,15,38.642208126178645,Medium
44,119,88,11,28,178,531,1,15,65.87519286816391,Medium
23,43,67,16,29,71,56,1,19,25.235727755871768,Low
29,55,39,5,44,79,388,0,19,43.339619406823246,Medium
22,155,120,32,41,82,105,0,3,32.83901937253558,Low
60,110,191,4,57,41,112,0,10,14.632264700840054,Low
64,133,180,27,53,16,155,1,12,26.31578947368421,Low
37,107,156,13,33,190,36,0,8,27.713012172124124,Low
66,188,87,4,70,172,741,0,3,85.45345448311332,High
